Name,Image_URL
Abzan Battle Priest,http://gatherer.wizards.com/Handlers/Image.ashx?multiverseid=386466&type=card
Abzan Falconer,http://gatherer.wizards.com/Handlers/Image.ashx?multiverseid=386468&type=card
Ainok Bond-Kin,http://gatherer.wizards.com/Handlers/Image.ashx?multiverseid=386471&type=card
Alabaster Kirin,http://gatherer.wizards.com/Handlers/Image.ashx?multiverseid=386473&type=card
Dazzling Ramparts,http://gatherer.wizards.com/Handlers/Image.ashx?multiverseid=386511&type=card
Firehoof Cavalry,http://gatherer.wizards.com/Handlers/Image.ashx?multiverseid=386536&type=card
Herald of Anafenza,http://gatherer.wizards.com/Handlers/Image.ashx?multiverseid=386553&type=card
High Sentinels of Arashin,http://gatherer.wizards.com/Handlers/Image.ashx?multiverseid=386554&type=card
Jeskai Student,http://gatherer.wizards.com/Handlers/Image.ashx?multiverseid=386575&type=card
Mardu Hateblade,http://gatherer.wizards.com/Handlers/Image.ashx?multiverseid=386594&type=card
Mardu Hordechief,http://gatherer.wizards.com/Handlers/Image.ashx?multiverseid=386596&type=card
Master of Pearls,http://gatherer.wizards.com/Handlers/Image.ashx?multiverseid=386600&type=card
Sage-Eye Harrier,http://gatherer.wizards.com/Handlers/Image.ashx?multiverseid=386645&type=card
Salt Road Patrol,http://gatherer.wizards.com/Handlers/Image.ashx?multiverseid=386648&type=card
Seeker of the Way,http://gatherer.wizards.com/Handlers/Image.ashx?multiverseid=386660&type=card
Timely Hordemate,http://gatherer.wizards.com/Handlers/Image.ashx?multiverseid=386699&type=card
Venerable Lammasu,http://gatherer.wizards.com/Handlers/Image.ashx?multiverseid=386713&type=card
War Behemoth,http://gatherer.wizards.com/Handlers/Image.ashx?multiverseid=386715&type=card
Watcher of the Roost,http://gatherer.wizards.com/Handlers/Image.ashx?multiverseid=386718&type=card
Wingmate Roc,http://gatherer.wizards.com/Handlers/Image.ashx?multiverseid=386726&type=card
Clever Impersonator,http://gatherer.wizards.com/Handlers/Image.ashx?multiverseid=386506&type=card
Dragon's Eye Savants,http://gatherer.wizards.com/Handlers/Image.ashx?multiverseid=386524&type=card
Embodiment of Spring,http://gatherer.wizards.com/Handlers/Image.ashx?multiverseid=386530&type=card
Glacial Stalker,http://gatherer.wizards.com/Handlers/Image.ashx?multiverseid=386546&type=card
Jeskai Elder,http://gatherer.wizards.com/Handlers/Image.ashx?multiverseid=386574&type=card
Jeskai Windscout,http://gatherer.wizards.com/Handlers/Image.ashx?multiverseid=386576&type=card
Kheru Spellsnatcher,http://gatherer.wizards.com/Handlers/Image.ashx?multiverseid=386581&type=card
Mistfire Weaver,http://gatherer.wizards.com/Handlers/Image.ashx?multiverseid=386605&type=card
Monastery Flock,http://gatherer.wizards.com/Handlers/Image.ashx?multiverseid=386607&type=card
Mystic of the Hidden Way,http://gatherer.wizards.com/Handlers/Image.ashx?multiverseid=386615&type=card
Pearl Lake Ancient,http://gatherer.wizards.com/Handlers/Image.ashx?multiverseid=386621&type=card
Riverwheel Aerialists,http://gatherer.wizards.com/Handlers/Image.ashx?multiverseid=386638&type=card
Scaldkin,http://gatherer.wizards.com/Handlers/Image.ashx?multiverseid=386653&type=card
Scion of Glaciers,http://gatherer.wizards.com/Handlers/Image.ashx?multiverseid=386654&type=card
Thousand Winds,http://gatherer.wizards.com/Handlers/Image.ashx?multiverseid=386697&type=card
Wetland Sambar,http://gatherer.wizards.com/Handlers/Image.ashx?multiverseid=386721&type=card
Whirlwind Adept,http://gatherer.wizards.com/Handlers/Image.ashx?multiverseid=386722&type=card
Bellowing Saddlebrute,http://gatherer.wizards.com/Handlers/Image.ashx?multiverseid=386488&type=card
Bloodsoaked Champion,http://gatherer.wizards.com/Handlers/Image.ashx?multiverseid=386494&type=card
Disowned Ancestor,http://gatherer.wizards.com/Handlers/Image.ashx?multiverseid=386521&type=card
Grim Haruspex,http://gatherer.wizards.com/Handlers/Image.ashx?multiverseid=386548&type=card
Gurmag Swiftwing,http://gatherer.wizards.com/Handlers/Image.ashx?multiverseid=386549&type=card
Kheru Bloodsucker,http://gatherer.wizards.com/Handlers/Image.ashx?multiverseid=386578&type=card
Kheru Dreadmaw,http://gatherer.wizards.com/Handlers/Image.ashx?multiverseid=386579&type=card
Krumar Bond-Kin,http://gatherer.wizards.com/Handlers/Image.ashx?multiverseid=386585&type=card
Mardu Skullhunter,http://gatherer.wizards.com/Handlers/Image.ashx?multiverseid=386598&type=card
Mer-Ek Nightblade,http://gatherer.wizards.com/Handlers/Image.ashx?multiverseid=386603&type=card
Necropolis Fiend,http://gatherer.wizards.com/Handlers/Image.ashx?multiverseid=386618&type=card
Rotting Mastodon,http://gatherer.wizards.com/Handlers/Image.ashx?multiverseid=386640&type=card
Ruthless Ripper,http://gatherer.wizards.com/Handlers/Image.ashx?multiverseid=386643&type=card
Shambling Attendants,http://gatherer.wizards.com/Handlers/Image.ashx?multiverseid=386662&type=card
Sidisi's Pet,http://gatherer.wizards.com/Handlers/Image.ashx?multiverseid=386665&type=card
Sultai Scavenger,http://gatherer.wizards.com/Handlers/Image.ashx?multiverseid=386678&type=card
Swarm of Bloodflies,http://gatherer.wizards.com/Handlers/Image.ashx?multiverseid=386687&type=card
Unyielding Krumar,http://gatherer.wizards.com/Handlers/Image.ashx?multiverseid=386710&type=card
Ainok Tracker,http://gatherer.wizards.com/Handlers/Image.ashx?multiverseid=386472&type=card
Ashcloud Phoenix,http://gatherer.wizards.com/Handlers/Image.ashx?multiverseid=386482&type=card
Bloodfire Expert,http://gatherer.wizards.com/Handlers/Image.ashx?multiverseid=386492&type=card
Bloodfire Mentor,http://gatherer.wizards.com/Handlers/Image.ashx?multiverseid=386493&type=card
Canyon Lurkers,http://gatherer.wizards.com/Handlers/Image.ashx?multiverseid=386503&type=card
Dragon-Style Twins,http://gatherer.wizards.com/Handlers/Image.ashx?multiverseid=386526&type=card
Horde Ambusher,http://gatherer.wizards.com/Handlers/Image.ashx?multiverseid=386559&type=card
Jeering Instigator,http://gatherer.wizards.com/Handlers/Image.ashx?multiverseid=386570&type=card
Leaping Master,http://gatherer.wizards.com/Handlers/Image.ashx?multiverseid=386586&type=card
Mardu Blazebringer,http://gatherer.wizards.com/Handlers/Image.ashx?multiverseid=386592&type=card
Mardu Heart-Piercer,http://gatherer.wizards.com/Handlers/Image.ashx?multiverseid=386595&type=card
Mardu Warshrieker,http://gatherer.wizards.com/Handlers/Image.ashx?multiverseid=386599&type=card
Monastery Swiftspear,http://gatherer.wizards.com/Handlers/Image.ashx?multiverseid=386608&type=card
Summit Prowler,http://gatherer.wizards.com/Handlers/Image.ashx?multiverseid=386680&type=card
Valley Dasher,http://gatherer.wizards.com/Handlers/Image.ashx?multiverseid=386712&type=card
War-Name Aspirant,http://gatherer.wizards.com/Handlers/Image.ashx?multiverseid=386717&type=card
Alpine Grizzly,http://gatherer.wizards.com/Handlers/Image.ashx?multiverseid=386474&type=card
Archers' Parapet,http://gatherer.wizards.com/Handlers/Image.ashx?multiverseid=386479&type=card
Heir of the Wilds,http://gatherer.wizards.com/Handlers/Image.ashx?multiverseid=386552&type=card
Highland Game,http://gatherer.wizards.com/Handlers/Image.ashx?multiverseid=386555&type=card
Hooded Hydra,http://gatherer.wizards.com/Handlers/Image.ashx?multiverseid=386557&type=card
Hooting Mandrills,http://gatherer.wizards.com/Handlers/Image.ashx?multiverseid=386558&type=card
Kin-Tree Warden,http://gatherer.wizards.com/Handlers/Image.ashx?multiverseid=386584&type=card
Longshot Squad,http://gatherer.wizards.com/Handlers/Image.ashx?multiverseid=386588&type=card
Meandering Towershell,http://gatherer.wizards.com/Handlers/Image.ashx?multiverseid=386602&type=card
Pine Walker,http://gatherer.wizards.com/Handlers/Image.ashx?multiverseid=386622&type=card
Rattleclaw Mystic,http://gatherer.wizards.com/Handlers/Image.ashx?multiverseid=386634&type=card
Sagu Archer,http://gatherer.wizards.com/Handlers/Image.ashx?multiverseid=386646&type=card
Smoke Teller,http://gatherer.wizards.com/Handlers/Image.ashx?multiverseid=386670&type=card
Sultai Flayer,http://gatherer.wizards.com/Handlers/Image.ashx?multiverseid=386677&type=card
Temur Charger,http://gatherer.wizards.com/Handlers/Image.ashx?multiverseid=386694&type=card
Tusked Colossodon,http://gatherer.wizards.com/Handlers/Image.ashx?multiverseid=386707&type=card
Tuskguard Captain,http://gatherer.wizards.com/Handlers/Image.ashx?multiverseid=386708&type=card
Woolly Loxodon,http://gatherer.wizards.com/Handlers/Image.ashx?multiverseid=386730&type=card
Abomination of Gudul,http://gatherer.wizards.com/Handlers/Image.ashx?multiverseid=386463&type=card
Abzan Guide,http://gatherer.wizards.com/Handlers/Image.ashx?multiverseid=386469&type=card
"Anafenza, the Foremost",http://gatherer.wizards.com/Handlers/Image.ashx?multiverseid=386476&type=card
Ankle Shanker,http://gatherer.wizards.com/Handlers/Image.ashx?multiverseid=386477&type=card
Armament Corps,http://gatherer.wizards.com/Handlers/Image.ashx?multiverseid=386480&type=card
Avalanche Tusker,http://gatherer.wizards.com/Handlers/Image.ashx?multiverseid=386483&type=card
Bear's Companion,http://gatherer.wizards.com/Handlers/Image.ashx?multiverseid=386486&type=card
Butcher of the Horde,http://gatherer.wizards.com/Handlers/Image.ashx?multiverseid=386501&type=card
Chief of the Edge,http://gatherer.wizards.com/Handlers/Image.ashx?multiverseid=386504&type=card
Chief of the Scale,http://gatherer.wizards.com/Handlers/Image.ashx?multiverseid=386505&type=card
Efreet Weaponmaster,http://gatherer.wizards.com/Handlers/Image.ashx?multiverseid=386529&type=card
Highspire Mantis,http://gatherer.wizards.com/Handlers/Image.ashx?multiverseid=386556&type=card
Icefeather Aven,http://gatherer.wizards.com/Handlers/Image.ashx?multiverseid=386562&type=card
Ivorytusk Fortress,http://gatherer.wizards.com/Handlers/Image.ashx?multiverseid=386569&type=card
Kheru Lich Lord,http://gatherer.wizards.com/Handlers/Image.ashx?multiverseid=386580&type=card
Mantis Rider,http://gatherer.wizards.com/Handlers/Image.ashx?multiverseid=386589&type=card
Mardu Roughrider,http://gatherer.wizards.com/Handlers/Image.ashx?multiverseid=386597&type=card
"Narset, Enlightened Master",http://gatherer.wizards.com/Handlers/Image.ashx?multiverseid=386616&type=card
Ponyback Brigade,http://gatherer.wizards.com/Handlers/Image.ashx?multiverseid=386628&type=card
Rakshasa Deathdealer,http://gatherer.wizards.com/Handlers/Image.ashx?multiverseid=386631&type=card
Rakshasa Vizier,http://gatherer.wizards.com/Handlers/Image.ashx?multiverseid=386632&type=card
Sage of the Inward Eye,http://gatherer.wizards.com/Handlers/Image.ashx?multiverseid=386644&type=card
Sagu Mauler,http://gatherer.wizards.com/Handlers/Image.ashx?multiverseid=386647&type=card
Savage Knuckleblade,http://gatherer.wizards.com/Handlers/Image.ashx?multiverseid=386651&type=card
"Sidisi, Brood Tyrant",http://gatherer.wizards.com/Handlers/Image.ashx?multiverseid=386664&type=card
Siege Rhino,http://gatherer.wizards.com/Handlers/Image.ashx?multiverseid=386666&type=card
Snowhorn Rider,http://gatherer.wizards.com/Handlers/Image.ashx?multiverseid=386671&type=card
Sultai Soothsayer,http://gatherer.wizards.com/Handlers/Image.ashx?multiverseid=386679&type=card
Surrak Dragonclaw,http://gatherer.wizards.com/Handlers/Image.ashx?multiverseid=386681&type=card
Warden of the Eye,http://gatherer.wizards.com/Handlers/Image.ashx?multiverseid=386716&type=card
Zurgo Helmsmasher,http://gatherer.wizards.com/Handlers/Image.ashx?multiverseid=386731&type=card
Witness of the Ages,http://gatherer.wizards.com/Handlers/Image.ashx?multiverseid=386728&type=card
Herald of Anafenza,
High Sentinels of Arashin,
Master of Pearls,
Clever Impersonator,
Thousand Winds,
Bloodsoaked Champion,
Grim Haruspex,
Necropolis Fiend,
Dragon-Style Twins,
Jeering Instigator,
Heir of the Wilds,
Rattleclaw Mystic,
Rattleclaw Mystic,
"Anafenza, the Foremost",
Ankle Shanker,
Ankle Shanker,
Avalanche Tusker,
Avalanche Tusker,
Butcher of the Horde,
Ivorytusk Fortress,
Ivorytusk Fortress,
Kheru Lich Lord,
"Narset, Enlightened Master",
Rakshasa Vizier,
Rakshasa Vizier,
Sage of the Inward Eye,
Sage of the Inward Eye,
"Sidisi, Brood Tyrant",
Siege Rhino,
Surrak Dragonclaw,
Zurgo Helmsmasher,
